<?xml version="1.0" encoding="utf-8"?>
<extension type="module" version="2.5" method="upgrade">
	<name>Bible Old Testament</name>
	<author>Ribamar FS</author>
	<creationDate>Janeiro 2013</creationDate>
	<copyright>(C) 2013</copyright>
	<license>GPL2</license>
	<authorEmail>ribafs@gmail.com</authorEmail>
	<authorUrl>www.ribafs.me</authorUrl>
	<version>1.0</version>
	<description>This module display a random verse from the Old Testament for each site visit.</description>
	<files>
		<filename module="mod_bibleot">mod_bibleot.php</filename>
	</files>
</extension>
