<?xml version="1.0" encoding="utf-8"?>
<extension type="component" version="2.5" method="upgrade">
	<name>BibleEnglish</name>
	<author>Ribamar FS</author>
	<creationDate>Janeiro 2013</creationDate>
	<copyright>(C) 2013</copyright>
	<license>GPL2</license>
	<authorEmail>ribafs@gmail.com</authorEmail>
	<authorUrl>www.ribafs.org</authorUrl>
	<version>1.0</version>
	<description>A component and modules to display a random verse from the New Testament and Old for each viewing site and search for verses. Starting from Bíblia América Pró</description>

	<installfile>install.bible.php</installfile>
	<uninstallfile>uninstall.bible.php</uninstallfile>
	
	<install>
		<sql>
			<file driver="mysql" charset="utf8">bible_nt.sql</file>
			<file driver="mysql" charset="utf8">bible_vt.sql</file>
		</sql>
	</install>

	<uninstall>
		<sql>
			<file driver="mysql" charset="utf8">uninstall.mysql.sql</file>
		</sql>
	</uninstall>

	<administration>
		<files folder="admin">
			<filename>bible_vt.sql</filename>
			<filename>bible_nt.sql</filename>
			<filename>uninstall.mysql.sql</filename>
		</files>
	</administration>
</extension>
