<?xml version="1.0" encoding="utf-8"?>
<extension type="module" version="2.5" method="upgrade">
	<name>SearchNewTestament</name>
	<author>Ribamar FS</author>
	<creationDate>Janeiro 2013</creationDate>
	<copyright>(C) 2013</copyright>
	<license>GPL2</license>
	<authorEmail>ribafs@gmail.com</authorEmail>
	<authorUrl>www.ribafs.me</authorUrl>
	<version>1.0</version>
	<description>A module to locate a New Testament verse. Ribamar FS - http://ribafs.me</description>
	<files>
		<filename module="mod_searchnt">mod_searchnt.php</filename>
	</files>
</extension>
