<?xml version="1.0" encoding="utf-8"?>
<extension type="module" version="2.5" method="upgrade">
	<name>mod_bibliaat</name>
	<author>Ribamar FS</author>
	<creationDate>Janeiro 2013</creationDate>
	<copyright>(C) 2013</copyright>
	<license>GPL2</license>
	<authorEmail>ribafs@gmail.com</authorEmail>
	<authorUrl>www.ribafs.org</authorUrl>
	<version>1.0</version>
	<description>Un módulo para mostrar un versículo al azar del Antiguo Testamento para cada sitio de visita.</description>
	<files>
		<filename module="mod_bibliavt">mod_bibliavt.php</filename>
	</files>
</extension>
