<?xml version="1.0" encoding="utf-8"?>
<extension type="component" version="2.5" method="upgrade">
	<name>com_bibliaesl</name>
	<author>Ribamar FS</author>
	<creationDate>Janeiro 2013</creationDate>
	<copyright>(C) 2012</copyright>
	<license>GPL2</license>
	<authorEmail>ribafs@gmail.com</authorEmail>
	<authorUrl>www.ribafs.org</authorUrl>
	<version>1.0</version>
	<description>Um componente de suporte aos módulos para exibir um versículo aleatório do novo testamento para cada visualização do site e para buscar por versículos. Partindo da Bíblia América Pró</description>

	<installfile>install.biblia.php</installfile>
	<uninstallfile>uninstall.biblia.php</uninstallfile>
	
	<install>
		<sql>
			<file driver="mysql" charset="utf8">bibliaes_nt.sql</file>
			<file driver="mysql" charset="utf8">bibliaes_vt.sql</file>
		</sql>
	</install>

	<uninstall>
		<sql>
			<file driver="mysql" charset="utf8">uninstall.mysql.sql</file>
		</sql>
	</uninstall>

	<administration>
		<files folder="admin">
			<filename>bibliaes_vt.sql</filename>
			<filename>bibliaes_nt.sql</filename>
			<filename>uninstall.mysql.sql</filename>
		</files>
	</administration>
</extension>
