<?xml version="1.0" encoding="utf-8"?>
<extension type="module" version="4.0" client="site" method="upgrade">
	<name>mod_bibliant</name>
	<author>Ribamar FS</author>
	<creationDate>Abril 2012</creationDate>
	<copyright>(C) 2012</copyright>
	<license>GPL2</license>
	<authorEmail>ribafs@gmail.com</authorEmail>
	<authorUrl>www.ribafs.org</authorUrl>
	<version>1.0</version>
	<description>Um módulo para exibir um versículo aleatório do novo testamento para cada visualização do site.</description>
	<files>
		<filename module="mod_bibliant">mod_bibliant.php</filename>
	</files>
</extension>
