<?xml version="1.0" encoding="utf-8"?>
<extension type="module" version="2.5" method="upgrade">
	<name>mod_buscandont</name>
	<author>Ribamar FS</author>
	<creationDate>Abril 2013</creationDate>
	<copyright>(C) 2013</copyright>
	<license>GPL2</license>
	<authorEmail>ribafs@gmail.com</authorEmail>
	<authorUrl>www.ribafs.org</authorUrl>
	<version>1.0</version>
	<description>Un módulo para localizar un versículo del Nuevo Testamento. Ribamar FS - http://ribafs.org</description>
	<files>
		<filename module="mod_buscant">mod_buscant.php</filename>
	</files>
</extension>
