<?xml version="1.0" encoding="utf-8"?>
<extension type="component" version="2.5" method="upgrade">
	<name>com_bibliant</name>
	<author>Ribamar FS</author>
	<creationDate>Abril 2012</creationDate>
	<copyright>(C) 2012</copyright>
	<license>GPL2</license>
	<authorEmail>ribafs@gmail.com</authorEmail>
	<authorUrl>www.ribafs.org</authorUrl>
	<version>1.0</version>
	<description>Um componente de suporte ao módulo para exibir um versículo aleatório do novo testamento para cada visualização do site.</description>

	<installfile>install.bibliant.php</installfile>
	<uninstallfile>uninstall.bibliant.php</uninstallfile>
	
	<install>
		<sql>
			<file driver="mysql" charset="utf8">install.mysql.sql</file>
		</sql>
	</install>
	
	<uninstall>
		<sql>
			<file driver="mysql" charset="utf8">uninstall.mysql.sql</file>
		</sql>
	</uninstall>

	<administration>
		<files folder="admin">
			<filename>install.mysql.sql</filename>
			<filename>uninstall.mysql.sql</filename>
		</files>
	</administration>
</extension>
