<?xml version="1.0" encoding="utf-8"?>
<extension type="module" version="2.5" method="upgrade">
	<name>Busca para o Velho Testamento</name>
	<author>Ribamar FS</author>
	<creationDate>Abril 2012</creationDate>
	<copyright>(C) 2012</copyright>
	<license>GPL2</license>
	<authorEmail>ribafs@gmail.com</authorEmail>
	<authorUrl>www.ribafs.org</authorUrl>
	<version>1.0</version>
	<description>Um módulo para localizar um versículo do velho testamento. Almeida Corrigida Fiel. Ribamar FS - http://ribafs.net</description>
	<files>
		<filename module="mod_buscavt">mod_buscavt.php</filename>
	</files>
</extension>
